"","V_bh","V_daily"
"1",1000039.68253968,1000039.68253968
"2",1005631.63914906,1005630.99714286
"3",1002363.5839451,1002381.45396825
"4",1006597.00540976,1006605.95587302
"5",1015555.76650822,1015509.58444444
"6",1001951.03085534,1002107.97222222
"7",1008665.25562775,1008812.45825397
"8",1013961.87851002,1014067.86619048
"9",1016068.89713948,1016148.58047619
"10",1018116.84902352,1018167.33412698
"11",1016975.19665476,1017046.09920635
"12",1011580.73861559,1011736.61666667
"13",1006304.41406726,1006515.31984127
"14",1007348.23127912,1007554.30666667
"15",1003784.84234804,1004012.9331746
"16",1007309.46286764,1007529.0068254
"17",1014850.62207596,1015026.37539683
"18",1009987.76474559,1010227.69761905
"19",1008609.84539514,1008861.80142857
"20",1008944.86166193,1009195.06968254
"21",1008984.54420161,1009235.04587302
"22",1009319.56046841,1009568.27206349
"23",1009063.90928098,1009315.06412698
"24",1007922.25691222,1008181.84031746
"25",1009970.20879626,1010218.58888889
"26",1006584.02010144,1006859.2168254
"27",1006623.70264113,1006899.08190476
"28",1004300.71536392,1004586.14698413
"29",1006230.53375711,1006512.6368254
"30",1007215.28422355,1007494.08603175
"31",1001052.95849389,1001359.96698413
"32",1005522.64694025,1005836.60190476
"33",1001900.19126375,1002223.99142857
"34",1002707.74149392,1003032.21809524
"35",1007354.63017654,1007680.14857143
"36",1005622.31035356,1005955.7215873
"37",1004008.12402141,1004345.7631746
"38",1004461.27377905,1004798.64126984
"39",1007985.89429865,1008319.38730159
"40",1008439.04405629,1008770.87619048
"41",1008301.52635971,1008634.46301587
"42",1012239.61409726,1012554.49190476
"43",1009030.62563872,1009373.7315873
"44",1003813.36783581,1004184.89428571
"45",1003026.11593958,1003397.76063492
"46",1005901.00225954,1006275.1952381
"47",1005409.08409042,1005784.43095238
"48",1006039.43408432,1006414.09285714
"49",1004661.51473387,1005039.07063492
"50",1002870.12816546,1003248.55285714
"51",1005863.14797626,1006245.70365079
"52",1004485.22862581,1004869.94555556
"53",1007005.71447323,1007390.17190476
"54",1006336.59606784,1006722.93349206
"55",1005726.54440788,1006114.15126984
"56",1005884.36043841,1006271.89730159
"57",1008345.7795404,1008730.65126984
"58",1008208.26184382,1008593.91253968
"59",1005767.14107576,1006161.20587302
"60",1008346.69366861,1008738.80396825
"61",1006909.70757273,1007306.63730159
"62",1006831.25662157,1007228.49507937
"63",1006870.93916125,1007268.26492064
"64",1002657.81603053,1003061.47476191
"65",1001516.16366176,1001916.47
"66",1007285.32050741,1007708.11761905
"67",1009628.60611856,1010047.72539683
"68",1010672.42333043,1011087.87047619
"69",1012720.37521447,1013126.2952381
"70",1014709.26035309,1015102.38936508
"71",1010378.00373152,1010809.00492064
"72",1011539.95443422,1011966.27587302
"73",1012229.37117355,1012652.45444444
"74",1008665.98224247,1009111.0968254
"75",1005279.79354766,1005733.54634921
"76",1003665.60721552,1004117.57301587
"77",998389.282667192,998826.476190477
"78",1000319.10106039,1000771.46507937
"79",1000949.45105429,1001405.33333333
"80",1001402.60081193,1001860.61746032
"81",999670.280988946,1000118.71746032
"82",997760.760929692,998194.976031746
"83",1000458.44701338,1000916.7752381
"84",999730.261862571,1000183.37761905
"85",1002959.54865506,1003435.79825397
"86",998982.692506024,999442.265873016
"87",998254.507355216,998707.374761905
"88",999121.124330811,999581.271904762
"89",997979.471962047,998429.460793651
"90",1002331.02691756,1002821.79206349
"91",1001071.24105795,1001554.94
"92",1002587.59223319,1003080.89238095
"93",1005344.3450623,1005851.42825397
"94",1008632.69860021,1009147.59730159
"95",1003947.04150611,1004465.74333333
"96",1001978.45470143,1002489.09888889
"97",1000659.6020964,1001161.68507937
"98",999754.216709326,1000248.94571429
"99",999852.965994431,1000347.89666667
"100",1002964.11929607,1003484.91761905
"101",1004893.93768927,1005424.89761905
"102",1006055.88839198,1006590.79698413
"103",1005445.83673202,1005979.10603175
"104",1003890.71714529,1004418.95126984
"105",1002217.46406773,1002737.32507937
"106",1004915.15015142,1005452.48539683
"107",1007790.03647137,1008338.44888889
"108",1007770.65226563,1008318.98349206
"109",1008223.80202327,1008772.63015873
"110",1008795.08527175,1009344.39269841
"111",1010488.63668326,1011038.61904762
"112",1008047.51591521,1008600.38888889
"113",998577.452441894,999118.515555556
"114",997376.733327708,997903.689206349
"115",987316.002400172,987718.837301588
"116",985111.148613807,985461.710634921
"117",988222.30191545,988649.576666667
"118",994582.126215322,995148.031746032
"119",996571.011353941,997166.820793651
"120",999977.498382696,1000618.60920635
"121",1006573.58966426,1007281.30460317
"122",1002537.6667698,1003230.57190476
"123",1002518.28256406,1003210.47047619
"124",1002144.49788579,1002833.18111111
"125",994269.236538876,994891.545873016
"126",1003523.33136444,1004296.8731746
"127",1003090.47994075,1003860.40555556
"128",1003957.09691634,1004733.12206349
"129",1003878.64596518,1004653.65031746
"130",1004449.92921366,1005228.43063492
"131",1002126.94193645,1002889.9068254
"132",1002580.09169409,1003346.48777778
"133",1001615.63956159,1002373.02460317
"134",999883.319738606,1000623.18174603
"135",1002344.7388406,1003112.21746032
"136",1004097.35699753,1004879.9984127
"137",1003782.63906468,1004562.44285714
"138",1004176.7220769,1004959.05142857
"139",1004629.87183454,1005415.06587302
"140",1003311.01922951,1004086.25619048
"141",1000515.49798892,1001266.30095238
"142",999491.979110999,1000230.26666667
"143",999118.194432725,999850.842698413
"144",994078.136866087,994743.832857143
"145",995240.087568794,995925.706666667
"146",994098.43520003,994763.170158731
"147",999572.258318567,1000336.90603175
"148",996894.870568822,997623.964126985
"149",997052.686599349,997783.091111112
"150",999455.038955925,1000221.81809524
"151",998018.052860049,998764.790317461
"152",1000243.20498036,1001021.72904762
"153",997683.950721458,998429.335079366
"154",999495.63562381,1000267.87793651
"155",998826.517218425,999588.644285715
"156",997330.464377127,998069.906825398
"157",997901.747625611,998649.115873017
"158",996405.694784313,997128.770793652
"159",994200.840997947,994884.802222223
"160",981895.573744363,982337.806349207
"161",976914.582923147,977191.298412699
"162",982093.072314573,982565.294126985
"163",986503.694015507,987117.786190477
"164",986897.777027724,987520.832857144
"165",986287.725367761,986891.705396826
"166",982606.202945837,983103.106190477
"167",980755.749632005,981189.926190477
"168",983276.235479425,983794.966825398
"169",985383.254108889,985967.090634922
"170",983060.266831679,983572.493809525
"171",985462.619188254,986050.201746033
"172",986860.83687265,987487.894920636
"173",992393.726736609,993176.295714286
"174",995918.347256209,996779.358730159
"175",994540.427905756,995373.814603175
"176",991981.173646856,992760.446984128
"177",989717.253115067,990441.746190477
"178",989166.268200527,989874.600158731
"179",987670.215359229,988336.950317461
"180",988064.298371445,988739.996984127
"181",988989.982092463,989689.32952381
"182",990210.999540592,990941.243809524
"183",989837.214862318,990555.875714286
"184",993834.369345297,994656.153809524
"185",998953.791991299,999886.870634921
"186",997871.206367958,998784.833809524
"187",997438.354944261,998342.84936508
"188",997123.63701141,998020.861111111
"189",994859.716479622,995712.466984127
"190",995726.333455217,996596.007619048
"191",998305.88604806,999227.43
"192",997046.100188451,997943.625555556
"193",998857.785090803,999788.925555556
"194",999133.734612175,1000068.43698413
"195",999645.951115236,1000588.31634921
"196",999449.366673229,1000387.1315873
"197",999843.449685446,1000786.75888889
"198",1001182.60062442,1002147.39412698
"199",998977.746838054,999906.924920635
"200",997422.627251334,998322.470476191
"201",996694.442100526,997578.472539683
"202",999333.061438791,1000269.75285714
"203",998191.409070027,999106.416349206
"204",997345.090428374,998242.432222222
"205",996380.638295877,997257.158412698
"206",996124.987108448,996994.494920635
"207",997759.471774534,998662.595555556
"208",993487.281898386,994304.05968254
"209",990219.226694419,990954.30920635
"210",994688.915140776,995546.983809524
"211",994669.530935036,995525.390952381
"212",995536.147910631,996410.54015873
"213",995634.897195736,996509.831111111
"214",993666.310391059,994495.112063492
"215",990870.78915047,991628.473650794
"216",991737.406126065,992517.096190476
"217",992013.355647437,992798.450476191
"218",993411.573331833,994232.122698413
"219",994455.390543695,995300.590476191
"220",994672.273319645,995520.937936508
"221",993885.021423415,994712.763333334
"222",994220.037690209,995054.299047619
"223",995618.255374605,996485.520634921
"224",996130.471877666,997007.96984127
"225",996583.621635305,997469.844920635
"226",997391.171865478,998293.925873016
"227",995895.11902418,996763.478571429
"228",998297.471380755,999220.727777778
"229",994852.215940521,995701.382222223
"230",997077.368060829,997979.793809524
"231",998003.051781847,998924.682698413
"232",998456.201539485,999386.053333334
"233",995247.21308094,996107.38984127
"234",997767.69892836,998688.45936508
"235",999697.517321558,1000659.52412698
"236",995779.727917944,996661.080317461
"237",995642.21022136,996518.367777778
"238",996331.626960688,997222.897301588
"239",997611.711154239,998531.810634921
"240",996883.526003431,997785.361587302
"241",997277.609015648,998186.970793651
"242",994363.954284214,995203.835873016
"243",991981.900261581,992756.751904762
"244",996215.321726249,997110.774761905
"245",998381.407101135,999328.304285715
"246",994286.417461255,995139.901111112
"247",989364.493385462,990084.031269842
"248",989167.908943455,989878.683015873
"249",990566.126627851,991319.968888889
"250",991255.543367179,992028.440317461
"251",992004.02685193,992797.355555556
"252",996355.581807442,997275.842539683
"253",996395.264347125,997314.636190477
"254",995194.545232939,996081.66984127
"255",994938.894045509,995817.207936509
"256",994919.50983977,995795.278095239
"257",993659.723980161,994499.480317461
"258",995766.742609625,996664.404920636
"259",993739.089059526,994581.45888889
"260",994605.706035121,995470.625555556
"261",994172.854611425,995023.723968255
"262",995216.671823287,996094.816507937
"263",995079.154126703,995951.528730159
"264",995414.170393497,996293.685079366
"265",993740.917315932,994572.977301588
"266",992008.597492945,992788.228095239
"267",993111.481450229,993922.827460318
"268",990552.227191329,991284.926507937
"269",990828.176712701,991567.442380953
"270",992876.128596743,993679.286190477
"271",993860.879063183,994691.64936508
"272",993368.960894064,994183.084285715
"273",995357.846032684,996229.415396826
"274",996283.529753701,997178.905873017
"275",995260.010875782,996125.568095239
"276",994295.558743285,995131.840634921
"277",991086.570284739,991826.483492064
"278",992189.454242024,992963.171428572
"279",992878.870981352,993672.05904762
"280",991973.485594277,992736.230476191
"281",993548.90351494,994359.982222223
"282",992052.850673642,992815.957460318
"283",986244.925416514,986818.45920635
"284",988174.743809711,988819.952857144
"285",988982.294039884,989654.315873017
"286",985123.571381693,985654.832698414
"287",983036.851086172,983481.230793652
"288",981540.798244874,981918.301587302
"289",982053.014747935,982449.82888889
"290",981679.230069661,982056.390000001
"291",983018.381008635,983451.437301588
"292",984062.198220497,984536.780158731
"293",983924.680523913,984390.342698414
"294",983255.562118527,983689.917301588
"295",977506.703606822,977691.260158731
"296",975479.050056723,975559.864920636
"297",976168.466796051,976281.002380953
"298",970242.408048078,970048.763650795
"299",966797.152607844,966399.456825398
"300",968195.37029224,967879.69920635
"301",968471.319813612,968167.767142858
"302",968038.468389915,967704.243015874
"303",972567.223581695,972503.903015874
"304",974851.442447426,974911.265555557
"305",969811.384880788,969598.975396826
"306",970205.467893005,970011.89888889
"307",969831.683214731,969611.698253969
"308",970225.766226948,970024.673809525
"309",968670.646640227,968373.665238096
"310",971545.532960181,971418.845238096
"311",970699.214318529,970519.414285715
"312",972451.832475459,972370.363650795
"313",970660.445907049,970473.304444446
"314",970522.928210465,970323.255873017
"315",967550.206733609,967170.259365081
"316",969775.358853918,969530.185873017
"317",973890.646827741,973888.497619049
"318",980486.738109302,980845.928095239
"319",981412.421830319,981812.538412699
"320",983873.840932317,984386.380476192
"321",982318.721345597,982758.575714287
"322",985666.14162893,986257.399523811
"323",986887.159077059,987527.358253969
"324",987871.909543498,988549.884603176
"325",988147.85906487,988833.962698414
"326",984643.536879213,985185.80873016
"327",983029.350547071,983496.871904763
"328",985077.302431112,985635.771587303
"329",986121.119642974,986722.110634922
"330",987460.270581948,988115.46936508
"331",985668.884013538,986246.865714287
"332",986476.434243711,987086.320634922
"333",988288.119146064,988972.17936508
"334",989981.670557571,990731.84952381
"335",989844.152860987,990586.033174604
"336",988643.433746801,989335.33888889
"337",991282.053085065,992078.256984128
"338",994275.072895864,995181.598253969
"339",994728.222653503,995647.890634922
"340",992464.302121715,993303.84888889
"341",994807.587732868,995730.589841271
"342",994197.536072905,995096.958095239
"343",996718.021920325,997703.282539684
"344",996993.971441697,997985.782222223
"345",994198.450201108,995097.769841271
"346",993529.331795723,994402.2784127
"347",992328.612681536,993155.483174604
"348",993608.696875088,994480.922380954
"349",994534.380596105,995437.46920635
"350",994278.729408676,995170.155714287
"351",993255.210530757,994107.336349208
"352",993649.293542973,994513.209365081
"353",993157.375373855,994000.52825397
"354",990125.587151576,990853.373333334
"355",992114.472290196,992919.791428572
"356",993217.35624748,994062.22888889
"357",998100.511911794,999124.726031747
"358",1000325.6640321,1001419.16365079
"359",1000070.01284467,1001153.64857143
"360",1000582.22934773,1001679.15555556
"361",1000149.37792404,1001231.1584127
"362",999775.593245764,1000843.75746032
"363",1000228.7430034,1001308.59063492
"364",999618.69134344,1000677.74968254
"365",1000485.30831904,1001569.07698413
"366",1000584.05760414,1001668.55603175
"367",1002218.54227023,1003350.39507937
"368",1002671.69202786,1003814.39761905
"369",1004719.64391191,1005918.25603175
"370",1006472.26206884,1007714.72380953
"371",1006807.27833563,1008056.11507937
"372",1005429.35898518,1006642.97222222
"373",1003992.3728893,1005167.01587302
"374",1003677.65495645,1004841.67396826
"375",1003362.9370236,1004516.19619048
"376",1001985.01767315,1003097.38253968
"377",1001552.16624945,1002649.47333333
"378",1001001.18133491,1002079.60031746
"379",1000745.53014748,1001813.75349207
"380",1000194.54523294,1001243.24079365
"381",1003482.89877085,1004634.05428572
"382",1003168.180838,1004308.24476191
"383",1002085.59521466,1003192.28936508
"384",1003306.61266278,1004447.91634921
"385",1004941.09732887,1006127.38095238
"386",1005217.04685024,1006408.83904762
"387",1006201.79731668,1007418.30507937
"388",1007600.01500108,1008851.11285714
"389",1007462.49730449,1008708.35619048
"390",1009215.11546142,1010502.8415873
"391",1010022.6656916,1011327.45047619
"392",1011716.2171031,1013057.29111111
"393",1013173.50153292,1014543.4752381
"394",1013213.18407261,1014582.51492064
"395",1015379.26944749,1016789.11460318
"396",1014473.88406042,1015866.79365079
"397",1015635.83476312,1017048.72301587
"398",1016561.51848414,1017989.04206349
"399",1017428.13545974,1018868.62079365
"400",1016699.95030893,1018128.06333333
"401",1019870.17035599,1021348.81206349
"402",1019909.85289568,1021388.08984127
"403",1021426.20407092,1022923.61761905
"404",1022233.75430109,1023739.96095238
"405",1023631.97198549,1025152.87809524
"406",1023612.58777975,1025132.64079365
"407",1024361.0712645,1025887.84555556
"408",1027944.75852952,1029503.87412699
"409",1030760.57810405,1032335.71555556
"410",1032749.46324267,1034330.64015873
"411",1035092.74885382,1036676.84619048
"412",1034659.89743013,1036244.59952381
"413",1036294.38209621,1037878.49698413
"414",1036334.0646359,1037918.37
"415",1039976.81864634,1041554.19301587
"416",1038717.03278673,1040301.70095238
"417",1039642.71650775,1041224.11126984
"418",1040509.33348334,1042087.02333333
"419",1045392.48914766,1046943.72714286
"420",1045550.30517818,1047100.87349206
"421",1046830.38937174,1048368.94984127
"422",1048819.27451036,1050336.40380953
"423",1046850.68770568,1048394.52920635
"424",1046122.50255487,1047675.4452381
"425",1044449.24947731,1046020.60952381
"426",1042008.12870925,1043601.66031746
"427",1045946.21644681,1047515.25587302
"428",1042441.89426115,1044046.65428572
"429",1039528.23952972,1041152.71777778
"430",1034960.71592646,1036603.15015873
"431",1033051.1958672,1034692.29
"432",1042187.15720192,1043851.8684127
"433",1040809.23785147,1042482.87603175
"434",1044924.52582529,1046579.37809524
"435",1043723.80671111,1045389.55095238
"436",1045240.15788635,1046895.64619048
"437",1040259.16706513,1041958.19698413
"438",1039058.44795095,1040762.51730159
"439",1039452.53096316,1041155.88206349
"440",1036893.27670426,1038604.20269841
"441",1038764.02835204,1040474.57015873
"442",1040398.51301812,1042106.10904762
"443",1040910.72952118,1042616.93349206
"444",1042427.08069642,1044127.65174603
"445",1045538.23399807,1047222.66761905
"446",1042860.84624832,1044568.12253968
"447",1043550.26298765,1045254.29428572
"448",1043944.34599987,1045646.54984127
"449",1046523.89859271,1048210.28333333
"450",1041483.84102607,1043215.14206349
"451",1043708.99314638,1045431.82031746
"452",1042685.47426846,1044415.08793651
"453",1041425.68840885,1043161.93587302
"454",1039043.63438622,1040789.03825397
"455",1037842.91527204,1039590.10539683
"456",1041131.26880995,1042878.21492064
"457",1041938.81904012,1043683.59142857
"458",1042687.30252487,1044429.63174603
"459",1040600.58222935,1042352.81587302
"460",1037214.39353454,1038975.36063492
"461",1037313.14281964,1039074.25047619
"462",1033040.95294349,1034798.26031746
"463",1035147.97157296,1036915.81349206
"464",1034006.31920419,1035770.49603175
"465",1034105.0684893,1035869.45095238
"466",1035621.41966454,1037392.09380952
"467",1036606.17013098,1038379.62428572
"468",1036409.58568897,1038182.59444445
"469",1036449.26822865,1038222.31666667
"470",1036488.95076834,1038262.03095238
"471",1037119.30076224,1038893.8452381
"472",1039580.71986424,1041359.96333333
"473",1038261.86725921,1040041.86873016
"474",1037061.14814502,1038840.12650794
"475",1037514.29790266,1039294.17873016
"476",1035900.11157052,1037677.1568254
"477",1034699.39245633,1036472.16142857
"478",1033085.20612419,1034850.2684127
"479",1032534.22120965,1034295.43190476
"480",1030211.23393244,1031955.7715873
"481",1027533.84618269,1029252.69603175
"482",1019894.85181747,1021520.63730159
"483",1020111.73459342,1021740.39698413
"484",1015307.94400848,1016840.58460318
"485",1011508.28809571,1012944.99174603
"486",1016096.11003291,1017662.98015873
"487",1015190.72464583,1016734.02111111
"488",1015230.40718552,1016772.86238095
"489",1014797.55576182,1016327.3036508
"490",1015546.03924657,1017093.08111111
"491",1018893.4595299,1020522.17031746
"492",1011254.46516468,1012715.64650794
"493",1002670.40287271,1003874.60111111
"494",998516.346487404,999556.374444446
"495",998674.162517931,999717.821111112
"496",994579.172878051,995441.887777779
"497",990011.649274792,990651.687777779
"498",988043.062470115,988574.365238096
"499",992512.750916472,993287.595396826
"500",994383.502564247,995249.058095239
"501",992592.115995837,993367.212222223
"502",994344.734152767,995204.856984128
"503",996510.819527654,997473.033174604
"504",994778.499704666,995656.78873016
"505",996767.384843285,997738.462857144
"506",999169.737199861,1000248.92634921
"507",995192.881050825,996094.205079366
"508",993755.89495495,994584.197142859
"509",994268.111458011,995118.293650795
"510",993539.926307203,994350.376031747
"511",990567.204830347,991224.256666668
"512",992851.423696078,993627.170317462
"513",991000.970382246,991677.859206351
"514",979581.704309997,979644.98873016
"515",985646.194882757,986108.337936509
"516",986335.611622085,986834.525238097
"517",984367.024817409,984745.104285716
"518",981276.169849708,981460.066031747
"519",983678.522206284,984013.870793652
"520",989329.545561087,990012.620793652
"521",987065.625029299,987617.523015874
"522",982793.435153152,983090.467936509
"523",983955.385855858,984321.690317462
"524",958891.701591052,957690.440317462
"525",970331.265997244,970187.004444446
"526",963223.872340824,962511.416825398
"527",962672.887426284,961905.475555557
"528",956510.561696622,955190.610476192
"529",950702.636439494,948815.743492065
"530",938042.968713376,934831.720476192
"531",940445.321069952,937515.315714287
"532",929675.789197349,925469.354126985
"533",929242.937773652,924969.464285716
"534",918591.539391894,912890.34857143
"535",911129.745262941,904309.414603176
"536",905321.820005813,897563.325238096
"537",907783.239107811,900427.303968255
"538",903806.382958775,895783.173809525
"539",920443.820962132,915254.031111112
"540",918770.567884567,913324.686507938
"541",927197.72827422,922998.392539684
"542",927591.811286436,923436.583650795
"543",925386.95750007,920920.010634922
"544",921351.034605612,916308.582380954
"545",922099.518090363,917155.711587303
"546",921843.866902934,916852.442539684
"547",919166.479153189,913774.947619049
"548",910877.750588323,904237.203650795
"549",898513.416589317,889861.384603176
"550",896013.22907584,886895.537936509
"551",896407.312088056,887349.200158731
"552",900463.533316457,892140.210317462
"553",895718.809476931,886536.523015874
"554",898593.695796885,889932.141428573
"555",904540.052878801,896943.966825398
"556",892825.45307944,883197.304126985
"557",898535.543179666,889984.467619049
"558",890010.547633111,879894.385079366
"559",893948.635370667,884590.053650795
"560",890975.913893811,881039.894761906
"561",892669.465305319,883049.043015874
"562",892295.680627045,882589.790634922
"563",898064.837472693,889455.994444445
"564",894265.181559925,884945.630158731
"565",898380.469533748,889827.871269842
"566",913364.038665279,907546.364920636
"567",915825.457767277,910391.785238096
"568",924429.818393197,920337.09873016
"569",911829.217412502,905899.223174604
"570",914881.303968723,909438.842063493
"571",912381.116455245,906529.155873017
"572",916555.471174491,911371.86857143
"573",912224.214552921,906350.035873017
"574",911732.296383803,905765.952698414
"575",918623.721392475,913777.645714287
"576",916359.800860687,911153.300317462
"577",914804.681273966,909341.611746033
"578",910886.891870353,904785.271746033
"579",905669.634067449,898690.167142859
"580",909607.721805005,903301.362380954
"581",909883.671326376,903611.624285716
"582",911931.623210418,905991.214126986
"583",917169.179347266,912080.851269843
"584",912837.922725696,907056.79857143
"585",916067.209518184,910803.155396827
"586",912090.353369148,906181.727142859
"587",916619.108560928,911446.404285716
"588",910811.1833038,904706.389841272
"589",908310.995790322,901775.833492065
"590",905515.474549733,898489.376031748
"591",903015.287036256,895537.511587303
"592",898211.496451307,889857.696031748
"593",899609.714135703,891504.40825397
"594",897286.726858493,888738.193968256
"595",891360.66811052,881678.63857143
"596",890868.749941402,881074.843333335
"597",886419.359828988,875722.864285716
"598",896854.789563,888304.838888891
"599",889392.995434047,879409.119682542
"600",893862.683880404,884769.679206351
"601",895969.702509868,887274.537142859
"602",892465.380324211,883083.540317462
"603",894513.332208253,885522.484761907
"604",897742.619000741,889366.796507939
"605",889335.75694503,879351.861111113
"606",893332.911428009,884147.514761907
"607",891423.391368755,881847.883015875
"608",898196.682886582,889962.723968256
"609",893274.758810789,884094.566507939
"610",899398.316128972,891413.216825399
"611",897843.196542251,889552.634920637
"612",889200.067504852,879249.261587304
"613",894496.690387122,885614.881428574
"614",898434.778124678,890311.289365082
"615",897174.992265069,888798.591904764
"616",898809.476931154,890733.288888891
"617",908358.905483832,902078.847301589
"618",909934.323404495,903917.366349208
"619",905662.133528347,898895.576825399
"620",910958.756410617,905129.316825399
"621",910230.571259809,904264.206984129
"622",912810.123852652,907276.57746032
"623",916689.144844786,911797.829047621
"624",912889.488932017,907366.805238097
"625",912515.704253743,906917.826825399
"626",911964.719339202,906261.312539685
"627",912476.935842264,906848.606507939
"628",913343.552817859,907850.144285717
"629",913265.101866697,907746.413809526
"630",914840.51978736,909575.755396828
"631",917479.139125625,912641.728412701
"632",918759.223319176,914118.492539685
"633",913896.365988805,908461.722222225
"634",916594.052072493,911601.49761905
"635",916870.001593865,911911.014126987
"636",919981.154895508,915520.978571431
"637",917540.034127453,912678.97793651
"638",918465.71784847,913744.096190479
"639",917973.799679352,913160.844126987
"640",915650.812402141,910448.128253971
"641",908838.752472834,902490.109206351
"642",911182.038083987,905235.078571431
"643",912639.322513806,906932.693174605
"644",909016.866837304,902677.771269843
"645",905040.010688268,897984.482698415
"646",901417.555011766,893685.199523812
"647",902343.238732784,894772.379682542
"648",909352.797232301,903083.849523812
"649",906143.808773756,899294.328888891
"650",910318.163493001,904215.665396828
"651",906991.041543611,900291.704444447
"652",902718.851667464,895233.922698415
"653",910319.077621204,904246.892539685
"654",906224.087981324,899418.103650796
"655",911875.111336127,906087.782222224
"656",915754.132328261,910629.056825399
"657",913135.811323939,907558.39809524
"658",907564.1530485,901014.820317462
"659",908962.370732896,902653.046507938
"660",910537.788653559,904497.45825397
"661",910636.537938664,904601.061428573
"662",912625.423077284,906928.334603177
"663",908412.299946559,901971.485079367
"664",911936.920466158,906118.375079367
"665",911504.069042462,905597.325873018
"666",908590.414311029,902159.452857145
"667",906267.427033818,899405.052857145
"668",906779.643536879,899998.381746034
"669",902507.453660732,894930.324444447
"670",906386.474652866,899533.546666669
"671",901937.084540451,894251.995555558
"672",902094.900570978,894426.406031749
"673",881461.222212847,869834.096507939
"674",882327.839188442,870880.598412701
"675",882308.454982702,870841.070000003
"676",887073.477156171,876661.063650796
"677",890539.030930348,880861.959523812
"678",890933.113942565,881324.306190479
"679",891740.664172737,882286.988730161
"680",884042.603062095,872964.183015876
"681",880951.748094394,869170.448095241
"682",879869.162471052,867825.290317463
"683",879200.044065667,866986.27698413
"684",882783.731330689,871382.111904765
"685",877153.006309828,864468.345555558
"686",873117.08341537,859467.32730159
"687",869789.96146598,855317.008571431
"688",869298.043296862,854685.531111113
"689",870519.060744991,856193.689841272
"690",871444.744466009,857331.104126987
"691",872311.361441604,858393.618095241
"692",869043.306237636,854309.903809526
"693",860045.776727702,843041.458730161
"694",861089.593939564,844345.955079368
"695",859475.407607422,842284.429047621
"696",861818.693218575,845238.763650796
"697",857487.436597005,839743.481428574
"698",865205.796041591,849549.752857145
"699",860756.405929176,843932.609365082
"700",863985.692721664,848005.691587304
"701",863966.308515924,847963.074603177
"702",865305.459454898,849633.94761905
"703",862332.737978042,845874.026190478
"704",861191.085609278,844412.011904764
"705",851602.888645121,832246.452063494
"706",845027.095697503,823772.441904764
"707",835734.232460458,811678.474285717
"708",825319.101060389,797918.896349209
"709",830911.05766977,805401.192539685
"710",832486.475590433,807474.006507939
"711",854085.520209265,836105.739841272
"712",862217.346871806,846517.634603177
"713",877082.782512493,865339.28825397
"714",853318.566646978,835843.970317462
"715",859205.856983471,843394.409206351
"716",859659.00674111,843953.035873018
"717",854264.548701938,837062.6384127
"718",857375.702003581,841039.299047621
"719",850563.642074274,832310.550476192
"720",857514.133828369,841272.39857143
"721",852769.409988843,835186.040000002
"722",845425.749350735,825706.131269843
"723",848773.169634067,830047.995396827
"724",856609.662569497,840187.706190478
"725",854582.009019398,837570.780000002
"726",846647.680927067,827353.000634922
"727",855370.175043831,838683.930317462
"728",855764.258056048,839170.490634922
"729",848420.597417939,829725.716825399
"730",851590.817465005,833821.405873018
"731",853048.101894824,835684.355714288
"732",844995.640311647,825281.776984129
"733",845744.123796398,826238.401428573
"734",846965.141244527,827810.585555557
"735",842752.018113802,822304.105238097
"736",843795.835325664,823651.410634922
"737",849919.392643846,831646.243650795
"738",858937.220487723,843319.09825397
"739",856732.366701357,840479.809365081
"740",858248.717876597,842406.559365081
"741",860414.803251484,845161.170793653
"742",851830.740959506,834184.445396827
"743",851929.490244611,834292.109365081
"744",852677.973729362,835240.291269843
"745",851831.655087709,834126.634920637
"746",855238.142116465,838514.960952383
"747",848544.215678002,829877.813650796
"748",850710.301052888,832675.500952383
"749",847796.646321454,828876.691428573
"750",850494.332405142,832370.931111113
"751",847285.343946596,828186.905714288
"752",846970.626013745,827755.681587304
"753",842284.968919641,821620.273650796
"754",852661.331908231,835243.285555558
"755",851696.879775734,833975.245396828
"756",853803.898405198,836685.71761905
"757",852366.912309322,834809.285079367
"758",858726.736609194,843023.891111113
"759",850674.275026017,832677.688730161
"760",849473.555911831,831097.93746032
"761",846914.301652931,827747.200634923
"762",846599.58372008,827315.096825399
"763",847938.734659054,829045.109206351
"764",841185.741475169,820213.075079367
"765",837681.419289511,815568.55761905
"766",836303.499939058,813718.185555558
"767",837701.717623454,815555.272063494
"768",832248.19283886,808296.432063494
"769",833410.143541567,809829.562222224
"770",832681.958390759,808833.36793651
"771",834021.109329733,810602.933968256
"772",835655.593995818,812763.273492066
"773",842960.486222447,822472.532380954
"774",842941.102016707,822425.498412701
"775",837605.710722958,815377.354444447
"776",835814.324154549,812975.260634923
"777",835617.739712542,812690.809523812
"778",830813.949127594,806264.502539685
"779",834752.03686515,811533.709523812
"780",831602.115152027,807304.514920637
"781",826502.990839967,800435.581587304
"782",825243.204980358,798705.706349208
"783",824633.153320395,797853.67761905
"784",826503.90496817,800371.539206351
"785",821404.78065611,793439.696031748
"786",816955.390543695,787333.850952383
"787",819534.943136538,790861.735714288
"788",814849.286042434,784410.46746032
"789",813589.500182826,782642.581111114
"790",811325.579651037,779478.483333336
"791",807407.790247424,773998.846507939
"792",804139.735043456,769390.383333336
"793",808373.156508124,775334.825555558
"794",813965.113117505,783136.630000002
"795",809811.056732203,777352.380158732
"796",814339.811923982,783651.396031748
"797",809772.288320723,777296.342063494
"798",813769.442803701,782854.860000002
"799",813336.591380005,782228.474285717
"800",810422.936648572,778156.656825399
"801",802665.808792507,767300.968571431
"802",797862.018207559,760470.295555558
"803",797783.567256397,760329.820634923
"804",788786.037746463,747438.85777778
"805",781206.110126665,736381.768730161
"806",776106.985814605,728819.349047621
"807",780576.674260962,735459.281587304
"808",768094.206771112,716962.142222225
"809",763054.149204474,709274.672380955
"810",759490.760273395,703768.416825399
"811",763724.181738062,710285.474920637
"812",780125.35275973,735405.381111114
"813",776325.696846961,729738.143809526
"814",781681.386474653,737712.342222225
"815",786682.675629811,745078.074285717
"816",791743.031530391,752459.194126987
"817",799461.390974976,763625.633809526
"818",791113.595664688,751662.186190479
"819",785719.137625517,743794.754126987
"820",793496.563815524,755186.710476193
"821",793477.179609784,755129.385396828
"822",793339.6619132,754901.102380955
"823",790012.53996381,750055.151428574
"824",774222.334730309,727016.327936511
"825",777510.688268219,731932.349365082
"826",776073.702172344,729751.853333336
"827",791825.138994365,753341.307936511
"828",783772.677411189,741602.425555558
"829",793381.172709288,755769.396666669
"830",789699.650287364,750399.691587304
"831",783773.591539392,741710.318095241
"832",790605.949802642,751782.029206352
"833",784561.757563825,742932.443333336
"834",788499.845301381,748717.274126987
"835",789248.328786131,749783.979206352
"836",785448.672873363,744191.976031749
"837",792103.830900346,753977.106507939
"838",792911.381130519,755123.292063495
"839",792124.129234289,753949.06730159
"840",792400.078755661,754321.194920638
"841",799823.104473134,765098.000476193
"842",809490.666516656,778948.860793653
"843",802442.339605659,768979.429047622
"844",808861.230650953,778125.384285717
"845",805415.975210718,773230.770793654
"846",807936.461058138,776787.104761907
"847",801537.868346787,767702.495714288
"848",798624.213615354,763500.035396828
"849",805161.238151492,772888.316349209
"850",808744.925416514,777961.846507939
"851",808843.674701619,778074.299206352
"852",810241.892386015,780024.409841273
"853",811935.443797523,782386.641904765
"854",806481.919012929,774688.343333336
"855",805163.066407898,772786.739047622
"856",803312.613094066,770122.973333336
"857",800812.425580589,766520.664444447
"858",803864.51213681,770875.980634924
"859",804849.26260325,772254.535555559
"860",795851.733093316,759396.028095241
"861",789394.073636543,749998.334444447
"862",787189.219850177,746728.551587304
"863",795734.513730675,759308.761746035
"864",792230.191545017,754191.960158733
"865",804437.623641699,772008.060158733
"866",808907.312088056,778366.7268254
"867",816153.137569263,788610.683650797
"868",815543.0859093,787730.701428574
"869",812629.431177866,783621.939523812
"870",806821.505920738,775414.2268254
"871",805207.319588595,773088.204603177
"872",810326.742234598,780371.855079368
"873",818635.769133406,792102.015396828
"874",814954.246711482,786942.094285717
"875",819010.467939883,792609.852698416
"876",816687.480662673,789345.657460321
"877",821747.836563253,796402.743174606
"878",827812.327136013,804792.202857146
"879",829860.279020054,807580.132063495
"880",828246.092687912,805346.284444448
"881",822733.501157896,797754.629523813
"882",818933.845245127,792462.6668254
"883",818500.993821431,791832.695714289
"884",820253.611978361,794254.262857146
"885",823837.299243383,799218.707301591
"886",816729.905586964,789356.584285718
"887",824566.398522394,800314.12619048
"888",832284.757966979,810962.192857146
"889",833092.308197152,812040.308412702
"890",829528.919266072,807158.683650797
"891",834175.807948696,813508.15634921
"892",837346.027995762,817799.499206353
"893",837740.111007979,818309.680793654
"894",837484.45982055,817940.298253972
"895",836165.607215519,816131.059841273
"896",835969.022773512,815840.617936511
"897",838076.041402976,818677.840158734
"898",841895.995649687,823823.685555559
"899",842171.945171059,824171.961428575
"900",843156.695637499,825473.045238099
"901",842546.643977536,824631.42666667
"902",842586.326517218,824661.958412702
"903",844102.677692459,826676.990158734
"904",840952.755979336,822431.333333337
"905",846190.312116183,829467.457777781
"906",850187.466599162,834787.814126988
"907",854598.088300096,840624.010952385
"908",852747.634986265,838161.682063496
"909",846171.842038646,829439.905873019
"910",845443.656887839,828443.734285718
"911",842707.202392672,824757.163015877
"912",839793.547661238,820815.178888893
"913",831032.285132994,808949.391904766
"914",841113.314394472,822756.120476194
"915",848595.406857368,832828.756984131
"916",849993.624541764,834671.04650794
"917",848261.304718777,832344.219523813
"918",854148.59505527,840178.185238099
"919",841370.793838307,823263.72666667
"920",836448.869762514,816596.011111115
"921",846825.232751104,830696.209523813
"922",858560.130884407,846380.803809527
"923",850271.402319542,835466.267460321
"924",856158.692656035,843284.49634921
"925",845448.227528854,829128.770952384
"926",850981.117392813,836535.251746035
"927",839325.584338874,820999.412380956
"928",841905.136931717,824475.773650797
"929",841708.55248971,824187.001904765
"930",850785.447079009,836432.974285718
"931",839779.648224716,821746.979047623
"932",843422.402235161,826665.274126988
"933",841985.416139285,824704.063809527
"934",838717.360935317,820262.372063495
"935",839643.044656335,821497.173650797
"936",842813.264703401,825777.584920638
"937",837655.073645918,818787.444920638
"938",834918.619150752,815035.593015876
"939",831296.16347425,810052.988253972
"940",830390.778087175,808781.140952384
"941",823637.78490329,799439.656031749
"942",818833.994318342,792707.451904765
"943",821177.279929495,795980.733809527
"944",814424.28674561,786483.514761908
"945",812160.366213822,783242.00650794
"946",817575.122586936,790934.021269845
"947",821808.544051604,796885.321746035
"948",821966.360082131,797080.32650794
"949",826908.582491867,803980.479206353
"950",825530.663141413,802040.225873019
"951",822498.874919135,797790.741111115
"952",830866.968563365,809486.517619051
"953",834923.189791766,815062.462698416
"954",840456.079655725,822627.38619048
"955",844512.300884126,828116.767460321
"956",848036.921403726,832853.147142861
"957",853865.144994796,840656.241428575
"958",854377.361497858,841315.961428575
"959",846324.899914681,830588.375238099
"960",850853.655106461,836666.322222226
"961",845400.130321867,829350.171428575
"962",848393.150132666,833366.242857147
"963",849909.501307906,835380.215079369
"964",846109.845395138,830266.258730162
"965",842428.322973214,825279.541904766
"966",832426.658791101,811687.854603178
"967",824551.397444191,800795.427301591
"968",831856.28967082,810989.655238099
"969",834908.376227041,815182.15619048
"970",839791.531891355,821870.587936512
"971",850640.428843323,836641.51571429
"972",840402.497679521,822898.493174607
"973",842745.783290674,826068.692698417
"974",837469.458742347,818880.221269845
"975",831129.932776418,810169.940000004
"976",834300.152823484,814535.703333337
"977",829909.829456492,808462.195396829
"978",831012.713413777,809968.145238099
"979",831111.462698881,810079.830634924
"980",835167.683927282,815675.45603175
"981",840759.640536664,823347.687777782
"982",831643.977535885,810891.197301591
"983",839067.003253359,821148.54650794
"984",832491.210305741,812126.928730163
"985",844107.974948199,828175.897619052
"986",846923.794522731,831974.833809528
"987",849562.413860996,835517.524920639
"988",853264.234616863,840476.650952385
"989",853776.451119924,841139.811587306
"990",858187.072820859,847015.27603175
"991",860412.224941168,849948.714761909
"992",858325.504645646,847165.856666671
"993",863799.327764183,854413.49539683
"994",860117.805342259,849544.77603175
"995",857676.684574204,846289.942063496
"996",859133.969004022,848206.021111115
"997",858287.65036237,847061.661587306
"998",857618.531956984,846151.044444449
"999",859784.617331871,849011.03555556
"1000",864490.572759917,855229.529841274
"1001",859450.51519328,848573.606349211
"1002",862502.601749501,852602.176825401
"1003",862896.684761717,853101.570158734
"1004",859923.963284861,849155.939365084
"1005",854824.838972801,842371.56571429
"1006",856577.457129731,844693.228095242
"1007",851891.800035628,838421.867777782
"1008",842185.469580626,825354.969365084
"1009",841516.351175241,824417.374761909
"1010",836062.826390647,816936.980476195
"1011",833090.104913791,812809.978412703
"1012",830235.516927779,808825.26555556
"1013",834764.272119559,815112.811904766
"1014",836339.690040222,817267.468412703
"1015",839214.576360176,821209.956349211
"1016",836773.455592121,817832.647142862
"1017",829252.594717745,807434.518888893
"1018",826043.6062592,802924.461746036
"1019",837837.571137925,819472.927936513
"1020",836577.785278317,817712.867301592
"1021",837739.735981024,819292.333174608
"1022",839433.287392531,821601.604603179
"1023",849514.31665401,835432.35539683
"1024",850440.000375027,836660.914126989
"1025",849889.015460486,835894.112539687
"1026",840182.685005485,822752.837142862
"1027",845538.374633177,830084.727619052
"1028",835300.443469374,816120.360000004
"1029",855718.15317976,844385.096507941
"1030",860837.575825762,851226.412698417
"1031",865956.998471765,858013.794920639
"1032",869658.819227632,862878.163174608
"1033",865563.829587752,857483.40603175
"1034",861232.572966182,851741.370476195
"1035",864225.592776981,855700.100634925
"1036",866746.078624401,859015.873650798
"1037",870979.500089069,864578.26571429
"1038",873027.451973111,867241.904126989
"1039",866274.458789225,858397.997777782
"1040",866255.074583486,858351.476031751
"1041",870370.362557309,863764.936349211
"1042",870646.312078681,864106.67507937
"1043",874348.132834547,868942.721746036
"1044",870253.143194667,863579.663015878
"1045",873068.962769199,867256.625873021
"1046",873876.512999372,868292.523650798
"1047",877814.600736928,873416.233174608
"1048",878976.551439635,874905.533174608
"1049",878957.167233895,874861.000793655
"1050",878701.516046466,874510.098412703
"1051",872834.524043916,866879.130158735
"1052",878780.881125831,874641.876190481
"1053",881006.03324614,877509.587936513
"1054",882404.250930536,879298.692857147
"1055",873170.454438913,867361.211269846
"1056",867362.529181785,859739.2752381
"1057",874431.154426724,869053.941428576
"1058",878959.909618504,874952.190952386
"1059",874923.986724046,869693.29476191
"1060",874432.068554927,869030.778095243
"1061",866674.940698863,858870.859682544
"1062",867482.490929035,859918.238253973
"1063",873546.981501795,867911.826507941
"1064",871401.194460852,865081.630476195
"1065",872326.878181869,866277.431269846
"1066",869649.490432125,862743.661746036
"1067",874414.512605594,869001.6252381
"1068",870142.322729446,863391.970952386
"1069",868528.136397304,861245.430317465
"1070",869276.619882054,862212.810317465
"1071",874159.775546367,868632.962063497
"1072",872722.789450492,866731.223968259
"1073",874947.9415708,869631.154444449
"1074",870734.818440075,864099.508095243
"1075",865517.560637171,857209.573333338
"1076",865911.643649387,857711.374603179
"1077",868845.596714764,861582.861746037
"1078",873669.685633655,867933.973809529
"1079",868688.69481244,861381.596031751
"1080",869791.578769724,862818.160158735
"1081",868118.325692159,860589.431904767
"1082",866858.53983255,858901.576349211
"1083",866898.222372233,858932.957301592
"1084",867942.039584095,860295.608253973
"1085",865264.651834351,856730.296825402
"1086",869261.806317329,862022.438412703
"1087",867352.286258075,859478.280476196
"1088",868396.103469937,860840.607301592
"1089",869735.254408911,862591.791746037
"1090",869007.069258103,861609.031746037
"1091",863081.01051013,853751.390000005
"1092",867019.098247687,858986.00460318
"1093",867531.314750748,859644.329682545
"1094",866980.329836207,858892.518571434
"1095",851721.725311507,838620.865714291
"1096",846445.40076318,831420.876825402
"1097",841523.476687387,824643.026031751
"1098",841681.292717914,824836.561269846
"1099",838826.704731903,820862.874444449
"1100",842941.992705726,826558.42476191
"1101",841564.073355272,824631.143492069
"1102",842135.356603756,825396.980793656
"1103",841407.171452948,824365.129841275
"1104",838966.050684893,820960.029206354
"1105",838119.73204324,819757.881587307
"1106",836269.278729409,817155.146349211
"1107",837490.296177538,818835.755873021
"1108",837293.711735531,818536.140952386
"1109",839991.397819218,822274.440158735
"1110",845347.08744691,829688.024285719
"1111",849816.775893267,835817.278253973
"1112",851746.594286464,838431.114444449
"1113",850959.342390234,837334.825873021
"1114",855606.231072858,843652.149682544
"1115",855882.18059423,844002.943650799
"1116",858402.66644165,847392.86555556
"1117",860805.018798226,850610.554444449
"1118",865747.241207962,857229.264444449
"1119",867795.193092003,859938.682539687
"1120",867244.208177463,859184.715873021
"1121",867874.558171368,860002.02539683
"1122",865551.570894158,856892.158730164
"1123",864114.584798282,854952.630952386
"1124",852695.318726033,839655.833809529
"1125",852439.667538604,839284.021111116
"1126",846986.14275401,831825.302539688
"1127",844840.355713067,828848.976190481
"1128",845706.972688662,830020.998730164
"1129",845923.855464611,830295.578888894
"1130",842065.13280642,824951.436984132
"1131",843699.617472506,827194.666666672
"1132",841317.563449873,823873.035714291
"1133",834978.037483944,815037.307777783
"1134",836317.188422918,816892.754444449
"1135",824011.921169334,799615.202539688
"1136",828481.609615691,805993.055714291
"1137",830470.49475431,808794.059047624
"1138",827084.306059498,803968.89555556
"1139",834507.331776971,814525.649523814
"1140",837205.017860659,818296.584444449
"1141",836240.565728162,816919.272222227
"1142",841064.654647053,823664.704444449
"1143",841340.604168425,824023.672698417
"1144",843861.090015845,827506.888888894
"1145",844491.440009751,828355.792063497
"1146",850024.32987371,835993.319047624
"1147",852958.282939086,839995.663809529
"1148",854474.634114327,842043.461428576
"1149",853273.915000141,840383.580476195
"1150",839551.045856421,821620.356031751
"1151",844493.268266157,828501.879047624
"1152",843883.216606193,827631.318095243
"1153",835889.821768439,816513.48539683
"1154",836520.171762345,817374.267936513
"1155",832366.115377043,811508.844285719
"1156",830692.862299478,809112.776349211
"1157",834630.950037034,814678.921111116
"1158",822798.216746829,797959.194285719
"1159",822719.765795666,797817.946349211
"1160",823468.249280417,798868.618412703
"1161",824571.133237701,800428.362222227
"1162",826382.818140054,803003.841587306
"1163",816794.621175897,789241.586190481
"1164",815948.302534245,787978.452857147
"1165",817582.78720033,790336.091904766
"1166",814787.265959741,786236.318253973
"1167",809629.074902259,778655.513809528
"1168",803348.615681752,769339.481587306
"1169",804746.833366148,771400.618095243
"1170",806794.78525019,774426.74603175
"1171",808724.603643387,777265.74507937
"1172",814139.360016501,785258.279365084
"1173",817132.3798273,789619.287301592
"1174",818412.464020851,791457.726031751
"1175",824536.021339034,800343.418253973
"1176",830246.11143926,808537.26587302
"1177",819004.045603278,792484.407142862
"1178",820815.73050563,795091.661111116
"1179",812999.535904143,783726.400317465
"1180",814515.887079384,785928.336825401
"1181",818099.574344406,791158.852698417
"1182",820029.392737603,793944.031111116
"1183",823435.879766358,798866.282698417
"1184",826665.166558846,803503.078888893
"1185",824105.912299946,799799.261746036
"1186",826153.864183988,802726.429682544
"1187",830564.485884923,809041.100793655
"1188",828300.565353135,805783.124126989
"1189",821547.57216925,796078.738412703
"1190",824540.591980049,800392.103492068
"1191",832967.752369702,812523.779365084
"1192",837378.374070636,818768.491746036
"1193",839367.259209256,821549.054285719
"1194",842714.679492589,826231.312063497
"1195",845471.432321698,830061.776507941
"1196",840254.174518794,822772.49587302
"1197",842774.660366214,826287.893333338
"1198",839801.938889357,822103.197777782
"1199",843031.225681846,826618.763492068
"1200",842480.240767305,825822.507936513
"1201",841102.321416852,823867.388571433
"1202",843091.206555471,826633.259841274
"1203",837165.147807499,818316.564285719
"1204",838563.365491895,820266.699206354
"1205",831515.038580898,810300.40555556
"1206",831141.253902624,809739.296825401
"1207",826987.197517321,803775.512222227
"1208",828680.748928829,806186.01539683
"1209",836989.775827638,818087.205873021
"1210",830295.849389175,808587.56492064
"1211",832639.135000328,811915.84476191
"1212",836340.955756195,817168.733650799
"1213",831182.764698713,809830.953015878
"1214",833703.250546133,813408.842539688
"1215",827422.791325626,804436.369047624
"1216",828525.675282911,805996.920158735
"1217",825552.953806055,801694.656825402
"1218",835161.449104154,815556.84476191
"1219",835082.998152992,815418.412698418
"1220",840970.288489485,823762.922698418
"1221",843786.108064017,827700.774285719
"1222",843294.189894899,826985.780793656
"1223",835359.861802567,815832.293492069
"1224",838411.948358788,820145.801428576
"1225",839042.298352694,821011.060158735
"1226",844575.188216653,828804.390634926
"1227",847922.608499986,833466.118888894
"1228",848848.292221003,834730.153809529
"1229",848001.973579351,833528.236349211
"1230",845560.852811296,830103.451269846
"1231",850325.874984764,836742.259206354
"1232",849715.823324801,835870.9452381
"1233",850346.173318707,836721.759523815
"1234",859186.800926317,848967.017619053
"1235",857277.280867062,846330.640158735
"1236",858734.565296881,848307.139523815
"1237",855466.510092913,843807.950317465
"1238",855978.726595974,844489.07444445
"1239",849816.400866312,835986.232380957
"1240",848911.015479238,834702.510793656
"1241",846469.894711182,831278.161587307
"1242",851412.117120918,838163.155396831
"1243",842591.787847251,825903.9252381
"1244",844285.339258759,828262.510634926
"1245",852003.698703344,839074.623333338
"1246",854228.850823653,842134.85492064
"1247",850311.06142004,836698.059682545
"1248",855076.083593508,843299.466031751
"1249",857537.502695506,846671.410476196
"1250",857399.984998922,846458.403968259
"1251",858325.668719939,847707.109523815
"1252",853935.345352947,841655.20476191
"1253",855924.230491567,844381.347777783
"1254",856318.313503783,844900.463968259
"1255",859724.800532538,849570.186031751
"1256",858051.547454973,847253.29476191
"1257",860808.300284083,851018.146190481
"1258",868290.392746979,861233.432539688
"1259",869806.743922219,863261.753968259
"1260",871204.961606615,865126.226825402
