"","v_bh","v_con","v_new"
"1",1752604.25985039,1646582.3674139,1662552.9098184
"2",1350548.49305102,1353306.20907466,1337994.14429955
"3",825992.773980936,829274.029751417,825992.773980936
"4",1052323.74396672,1086358.09777887,1052323.74396672
"5",1044241.97671001,1076167.5643086,1044241.97671001
"6",901312.473521821,922697.631720085,901312.473521821
"7",1582116.59883823,1525647.32760049,1531236.41930298
"8",1771275.34239461,1652233.09963826,1673826.44633882
"9",1214852.64027302,1237530.84802079,1225435.53335606
"10",952388.98533834,979488.795550925,952388.98533834
"11",913598.981929523,936570.932743739,913598.981929523
"12",717837.905081785,671509.00468299,717837.905081785
"13",1005566.90216029,1038866.15518896,1005566.90216029
"14",730435.886159764,690874.064475329,730435.886159764
"15",1640355.08577077,1567962.64211729,1579453.98622098
"16",1055626.33793726,1089171.7903387,1055626.33793726
"17",1808117.65842975,1677820.38222655,1698860.03646614
"18",857345.78362073,869246.930571869,857345.78362073
"19",1826650.32738092,1690436.77852769,1711865.39120033
"20",687525.10290218,621209.789517618,687525.10290218
"21",682802.571585501,613165.271155138,682802.571585501
"22",1227217.01529598,1247228.77536923,1236084.47480433
"23",1018048.63892489,1051357.41991021,1018048.63892489
"24",1192914.68881523,1216632.56148667,1192914.68881523
"25",1504952.23329495,1469070.2815082,1467621.40086873
"26",702482.057744609,646283.400939398,702482.057744609
"27",897617.917509335,916622.429540268,897617.917509335
"28",830748.824513159,834172.146587811,830748.824513159
"29",1119258.41695666,1151084.22499012,1119258.41695666
"30",1435761.96414863,1417070.82659371,1409758.82549565
"31",1202497.96136224,1226691.77116557,1214597.51855434
"32",961606.516385377,991468.024581083,961606.516385377
"33",1385289.04981641,1378064.20977208,1367826.04813093
"34",988110.088871014,1020239.7302201,988110.088871014
"35",764926.135324265,743673.433813542,764926.135324265
"36",903089.283128939,924166.277053367,903089.283128939
"37",1334899.93162957,1339838.71939079,1326262.15772495
"38",1025612.66708603,1058296.0352315,1025612.66708603
"39",719855.322137852,675332.881342435,719855.322137852
"40",971987.542656286,1001550.20120796,971987.542656286
"41",817411.757863013,816944.84378291,817411.757863013
"42",920884.672877744,944394.229676354,920884.672877744
"43",1329692.72548666,1331128.29347241,1322057.99031529
"44",1237643.50372919,1255776.79617699,1244459.61684047
"45",1381562.58793866,1376547.15974643,1363834.2879707
"46",908419.319226221,930920.212109316,908419.319226221
"47",947709.572272469,974464.179688491,947709.572272469
"48",984222.70660422,1014622.85943291,1032885.70990145
"49",1104466.24487091,1135314.77737612,1133228.61765027
"50",1334200.46866798,1338400.99596619,1325508.96429868
"51",933803.58834279,960400.895038123,933803.58834279
"52",1143961.02781212,1174175.39941918,1143961.02781212
"53",856827.025579093,868116.958324735,856827.025579093
"54",1128956.63128652,1158706.05582983,1153649.41677666
"55",995757.113231555,1027490.03907097,1042343.33939914
"56",1095166.99197888,1127452.18465733,1095166.99197888
"57",1413388.03368007,1402771.80619825,1390480.24019893
"58",1136112.16724506,1167675.4894446,1159572.53385574
"59",874911.556529112,889689.024458735,874911.556529112
"60",741575.065124687,709009.807348494,741575.065124687
"61",1360501.1064603,1358742.53721102,1346568.95325766
"62",744470.933770093,713126.862852984,744470.933770093
"63",1561887.04725827,1511843.2168945,1529324.38473799
"64",985594.562765985,1015857.14841132,985594.562765985
"65",760334.501792004,736008.912620725,760334.501792004
"66",1092693.70476767,1125120.13179264,1206351.24947283
"67",921878.40323333,944156.173349067,921878.40323333
"68",1024914.55600809,1058091.568925,1066885.31452482
"69",755238.69653634,729524.72900588,755238.69653634
"70",996494.007710538,1028593.94609949,996494.007710538
"71",1211692.36129486,1235331.04423821,1286211.21351107
"72",871366.671195244,886781.979592987,871366.671195244
"73",941080.67492758,968351.181638702,941080.67492758
"74",643797.85740177,538863.358206513,643797.85740177
"75",856590.484743138,867740.624434376,856590.484743138
"76",814040.208487892,811856.273539806,814040.208487892
"77",767543.883157171,748335.166055736,767543.883157171
"78",960549.408911471,987861.384755082,960549.408911471
"79",782017.0766761,768423.509763057,782017.0766761
"80",1164584.89845921,1191265.27874587,1183493.54694655
"81",952288.739253568,980340.881825689,952288.739253568
"82",918447.785721703,941405.387652376,918447.785721703
"83",1062356.86738937,1095034.81143997,1062356.86738937
"84",695705.905188977,635762.027947923,695705.905188977
"85",997171.844062871,1031094.48350361,997171.844062871
"86",1148899.76793688,1177310.84317087,1172114.77839089
"87",915176.712543005,937675.717069302,915176.712543005
"88",1030369.51239562,1063289.0262629,1071927.94208268
"89",1372958.86395466,1369546.57180891,1358574.31254918
"90",1079043.84052449,1111843.48419689,1079043.84052449
"91",796378.056497283,788669.048459597,796378.056497283
"92",735851.36570962,699799.139903734,735851.36570962
"93",1109153.68576672,1140951.34377484,1137909.71253833
"94",846373.447193773,854569.899221334,846373.447193773
"95",1007349.52476228,1038274.98701868,1052226.8148758
"96",1090057.10965558,1122854.81135513,1090057.10965558
"97",969190.482249738,998824.875928876,1021188.65606734
"98",1326871.87817957,1332756.91204988,1318467.03844321
"99",853265.38355822,864442.910647764,853265.38355822
"100",675282.484667891,599081.722796382,675282.484667891
"101",759390.987434694,735923.337870415,759390.987434694
"102",1442329.47243643,1422004.87431295,1414754.45886388
"103",1598186.25813612,1537289.5341239,1544568.16512399
"104",1169824.43916083,1195718.71254683,1169824.43916083
"105",793832.791079106,785029.891898686,793832.791079106
"106",797283.128129971,790920.957511465,797283.128129971
"107",925055.39115222,950096.7053455,925055.39115222
"108",1235295.84220234,1255447.83378827,1242264.96390692
"109",1008961.7360286,1041028.66886122,1054809.90328554
"110",888247.798239094,906231.243920451,888247.798239094
"111",982294.627211318,1013605.00846236,982294.627211318
"112",1282896.33866632,1293662.35580556,1336307.57723984
"113",1278262.70109935,1292901.50207369,1278435.99125619
"114",1169082.63697123,1196132.82965283,1169082.63697123
"115",963741.89266686,993137.771949807,963741.89266686
"116",958933.123079562,986607.576252796,958933.123079562
"117",1026273.29182502,1058679.00081728,1026273.29182502
"118",1150476.75431135,1180500.71472621,1150476.75431135
"119",1069043.98735911,1101369.01271285,1069043.98735911
"120",1086083.6152822,1119733.15694071,1118398.32120454
"121",1368646.74170263,1367962.61025933,1400438.70727625
"122",912998.588548244,934190.51822032,912998.588548244
"123",688126.643553548,621918.000751238,688126.643553548
"124",817536.658153385,818031.894010188,817536.658153385
"125",886204.384675299,904748.994551054,886204.384675299
"126",713089.340442516,664154.549341304,713089.340442516
"127",811669.449878438,808239.158680819,811669.449878438
"128",758425.052764912,733901.396432217,758425.052764912
"129",834436.561650488,837619.535307415,834436.561650488
"130",847231.946407124,856321.420428736,847231.946407124
"131",1286790.03775709,1299472.75565935,1285329.51653862
"132",1864041.37719205,1713004.64887227,1737887.3065751
"133",1351569.86558888,1351466.3241021,1339507.94717271
"134",2060651.91395148,1833931.69881931,1902722.28099143
"135",803189.184202372,798467.62695645,803189.184202372
"136",1170852.96791567,1198836.87809673,1170852.96791567
"137",1088181.83504923,1121302.44166927,1119346.46356125
"138",828830.527715723,831512.974762408,828830.527715723
"139",1410310.63511356,1397301.15541727,1388767.43780795
"140",1034711.69630886,1068201.36138926,1034711.69630886
"141",1331172.43039575,1332949.7579295,1321913.29202819
"142",1175100.71156281,1201047.06151149,1175100.71156281
"143",1176636.38016419,1202685.65304705,1193336.83944528
"144",879213.629034151,896014.982715972,879213.629034151
"145",1102300.79949925,1134443.90334889,1131122.89190207
"146",978635.080082948,1007867.96563228,978635.080082948
"147",626409.092821718,502090.447845793,626409.092821718
"148",830553.473423921,834202.54662503,830553.473423921
"149",805941.084530237,802791.057775544,805941.084530237
"150",899530.214673401,918737.89072426,899530.214673401
"151",1082405.7443645,1114862.9911074,1082405.7443645
"152",1179638.65297505,1205954.58065283,1195848.49902664
"153",830523.477191551,833975.25002358,830523.477191551
"154",1376004.69368901,1373004.8507254,1360017.79684477
"155",1509973.07727619,1474297.65446649,1471839.95502049
"156",719376.516131881,673948.572756154,719376.516131881
"157",914972.912562484,937742.240224221,914972.912562484
"158",1027846.61557601,1060078.76425661,1027846.61557601
"159",886184.086355082,903644.556698664,886184.086355082
"160",845029.733864129,853181.166955678,845029.733864129
"161",719391.472543222,674200.701653368,719391.472543222
"162",1155319.18427707,1183572.76083355,1177116.02641799
"163",1034250.74329801,1066912.20329191,1034250.74329801
"164",805785.312316437,800552.616861762,805785.312316437
"165",990835.533814498,1022232.35737643,990835.533814498
"166",750697.53651376,722529.624073659,750697.53651376
"167",775797.505707726,760860.366634901,775797.505707726
"168",1050175.61006018,1081541.58700501,1088455.41997062
"169",1290378.42229546,1302571.93316064,1288217.52322909
"170",915244.249076601,938706.3107847,915244.249076601
"171",2088899.9811974,1849782.78587638,1894171.93751166
"172",756440.09211508,731664.069044661,756440.09211508
"173",1157402.74336548,1186280.86729992,1157402.74336548
"174",900260.246857687,920149.313024958,900260.246857687
"175",667467.807794951,584443.659642694,667467.807794951
"176",1051872.21862729,1086564.71536827,1051872.21862729
"177",907318.810022583,927756.495034667,907318.810022583
"178",972399.369231049,1002086.98262855,972399.369231049
"179",1181083.44060952,1205255.53835847,1197058.54279911
"180",1337259.10341129,1341315.84454548,1326883.0853083
"181",796563.93492664,788106.31840783,796563.93492664
"182",836541.333600988,843769.175023593,836541.333600988
"183",935727.437429364,962793.026113836,935727.437429364
"184",821801.581963434,823145.098901362,899086.881520421
"185",968934.027589445,998055.584745879,1020435.15851514
"186",891598.947208298,910550.126558546,891598.947208298
"187",831062.476438335,834529.517163154,831062.476438335
"188",1018504.22307298,1051439.80719813,1063610.86802443
"189",972302.702504459,1002081.24058898,972302.702504459
"190",1111933.2229403,1143408.70575114,1111933.2229403
"191",852643.950015987,862500.114455995,852643.950015987
"192",937693.44118851,962695.730230199,937693.44118851
"193",860921.76795804,872864.940877237,860921.76795804
"194",1055533.03915753,1087756.59483677,1092254.87094921
"195",1349111.80549238,1351815.96781955,1336915.22606028
"196",1572776.43364281,1517375.98267801,1536307.36767279
"197",1199988.16331974,1224686.2174313,1214127.03539121
"198",758230.941895927,735061.532582056,758230.941895927
"199",1705061.19424115,1608700.31998437,1627928.52383551
"200",987341.446154716,1019434.85456088,987341.446154716
"201",776604.697853761,761257.254347325,776604.697853761
"202",1039550.00492717,1072377.7904029,1039550.00492717
"203",981407.677929924,1011697.02237456,1126210.18617659
"204",985304.68358887,1017167.30351004,985304.68358887
"205",964497.850792823,994423.496172931,964497.850792823
"206",702126.111677933,645924.984330294,702126.111677933
"207",1386402.03550616,1378699.04956923,1367964.52678805
"208",745406.183783935,714568.071286387,745406.183783935
"209",1064511.57899179,1098742.13205231,1064511.57899179
"210",1110664.74365354,1140979.34505217,1110664.74365354
"211",708703.65898695,657487.56240504,708703.65898695
"212",922612.500592098,946001.890781975,922612.500592098
"213",867379.492119686,880788.317175625,867379.492119686
"214",866030.43488392,880394.138636319,934923.044616467
"215",993909.649891114,1025942.51913056,993909.649891114
"216",1309639.02946115,1319227.8392496,1304879.35322144
"217",979823.018222736,1012455.76918367,979823.018222736
"218",1133830.58158396,1163993.22927162,1158010.59703936
"219",2228587.76201965,1932121.91600986,1992856.80280929
"220",1598721.69337127,1537973.39303736,1554449.63609048
"221",1041173.11126064,1075283.75510632,1081530.5249272
"222",1017515.51413142,1050035.01369448,1017515.51413142
"223",911044.508204757,932939.710470989,911044.508204757
"224",1414120.68332658,1399609.54792563,1391442.61676334
"225",1725611.42271317,1624311.32481337,1642127.23750713
"226",1856950.68017764,1710724.06008348,1734137.4454626
"227",1141930.29544347,1172082.89963769,1141930.29544347
"228",868357.522310948,882780.524969702,868357.522310948
"229",863157.560404574,875535.9128211,863157.560404574
"230",979294.119063819,1008436.69754985,979294.119063819
"231",1233189.50830878,1251912.94135616,1299599.52552469
"232",1097953.29503651,1130562.4510123,1097953.29503651
"233",1306276.53337476,1313236.03122925,1302149.43046884
"234",1184508.34632077,1208453.26263017,1200666.56452129
"235",880747.604533227,897284.643686482,947008.522049723
"236",1061464.31341668,1093518.60722529,1098451.00321755
"237",827244.465657366,830615.429899726,827244.465657366
"238",1078026.6440577,1110211.04709729,1078026.6440577
"239",1343247.02074009,1343420.05142388,1332490.18291046
"240",975314.975738044,1004525.75997384,975314.975738044
"241",1488772.75668478,1457937.06687992,1478084.86729061
"242",891024.607617968,909551.963558399,891024.607617968
"243",1256723.70425342,1273616.29859485,1260574.20622387
"244",1098406.32449397,1130163.07689874,1127874.03965318
"245",770846.500199794,752570.66873666,770846.500199794
"246",1303633.68425846,1312150.53617095,1299723.45524661
"247",1024589.18787953,1056633.03229989,1066520.8766671
"248",790088.847860887,779307.214053939,790088.847860887
"249",1068403.67906676,1101307.61733193,1102976.6781869
"250",1172170.55781513,1199492.76523303,1191153.51929695
"251",936140.434990403,961908.373083124,936140.434990403
"252",1225429.38235116,1246143.0221646,1234803.97496997
"253",1420121.24538145,1404653.62748375,1396329.25895889
"254",988598.172116777,1019642.92336109,988598.172116777
"255",1556689.00862713,1506967.01936968,1524791.828751
"256",2221945.99719781,1929793.05876736,1985732.27630079
"257",939376.1793399,964536.537132218,939376.1793399
"258",1000132.94954222,1031725.94412205,1000132.94954222
"259",1634943.0989597,1562477.43575745,1574937.33557521
"260",955914.752783065,984077.700775917,955914.752783065
"261",1168640.68462018,1196696.95799694,1168640.68462018
"262",2050952.18410787,1827652.64158041,1867645.98074898
"263",801989.89793806,797344.310915433,801989.89793806
"264",1028064.21254503,1058264.62169156,1028064.21254503
"265",902608.306058751,923336.744973058,902608.306058751
"266",1125248.20941016,1157342.44724548,1125248.20941016
"267",932430.788654004,958351.831047535,932430.788654004
"268",937899.421165986,963776.971387284,937899.421165986
"269",1022510.60642214,1054167.89179543,1022510.60642214
"270",1157838.87916775,1183814.39204244,1178293.90677743
"271",812063.446802326,811274.999909313,812063.446802326
"272",1260779.55484087,1277638.35457979,1260779.55484087
"273",802202.546785272,796978.908684058,802202.546785272
"274",1126794.02357185,1155760.93798433,1126794.02357185
"275",2021749.09619455,1811809.99663051,1846862.60638325
"276",1001084.52887903,1032076.66785914,1001084.52887903
"277",938680.873640568,965062.096786228,938680.873640568
"278",1207362.10421223,1231420.83119797,1218951.11258647
"279",1498842.11600046,1464465.60993313,1485118.77465979
"280",736308.198766122,701216.109344667,736308.198766122
"281",781385.809735657,768660.009568753,864594.874617881
"282",1314384.20306382,1322092.02740508,1307911.92496354
"283",994578.067939618,1026502.55977268,994578.067939618
"284",1145562.7285633,1175628.92838937,1168306.27206939
"285",984217.188023085,1015062.26239159,984217.188023085
"286",1187417.38834886,1213714.55950912,1202473.13039927
"287",765312.337670745,744222.586075362,853389.076116537
"288",847275.836526595,854184.953666139,847275.836526595
"289",1048935.82797306,1082274.82909405,1048935.82797306
"290",1130576.8800367,1159473.21510273,1130576.8800367
"291",1015958.67000416,1048332.45564192,1015958.67000416
"292",894326.362532405,913625.704205857,894326.362532405
"293",1488853.84728976,1457060.73150676,1453704.92712683
"294",810409.887528521,808084.235264581,810409.887528521
"295",900476.785629031,919847.346366471,900476.785629031
"296",948809.95065528,977494.414102476,948809.95065528
"297",1067583.3252089,1101136.14286053,1067583.3252089
"298",762684.934840094,740848.796589167,762684.934840094
"299",994635.273111205,1026638.88981595,1043827.20349614
"300",708092.015560219,656103.009037886,708092.015560219
"301",1098980.94174185,1129759.96704673,1211554.27116237
"302",1004432.89613374,1036694.10812474,1004432.89613374
"303",883550.888550421,900513.376767551,883550.888550421
"304",986048.870491381,1017203.06672947,986048.870491381
"305",882173.710044431,899835.99546691,951821.608225779
"306",789097.347889331,777890.606791245,789097.347889331
"307",918726.158479851,942937.302936611,918726.158479851
"308",1076655.08774834,1110078.15263849,1111973.54357964
"309",1590169.62659364,1534144.3888474,1549813.45889055
"310",862066.030690982,874319.381748022,932095.054639757
"311",911247.422793051,932686.756795852,911247.422793051
"312",781627.842982705,767987.306255577,781627.842982705
"313",1448880.85884948,1426971.56915806,1420229.14258263
"314",889087.795011056,906854.457936585,889087.795011056
"315",1393169.56220823,1385100.98220347,1374036.53463199
"316",1506710.48758051,1470256.28511795,1489592.5349657
"317",1091407.69222921,1123779.79053174,1091407.69222921
"318",931898.197126784,956974.901763933,931898.197126784
"319",845737.479286573,852887.225289511,845737.479286573
"320",1194754.04693597,1219752.66863044,1194754.04693597
"321",881957.477338449,899661.444296283,881957.477338449
"322",1163450.70417084,1191566.1577371,1163450.70417084
"323",924496.869567867,948929.629458991,924496.869567867
"324",3893202.42115341,2713511.06956099,2878062.69325772
"325",1361608.7405848,1361876.81040663,1347637.2687634
"326",814701.798844354,813852.68534281,814701.798844354
"327",1572832.95289625,1517584.04507371,1523327.33758142
"328",1366201.62769211,1362742.0337483,1351425.55876507
"329",1112603.64224785,1146186.57704258,1112603.64224785
"330",1311447.89149531,1317812.07056984,1355464.51043074
"331",1012507.47436189,1045085.96643278,1012507.47436189
"332",1424483.67381878,1408681.23511991,1400028.80901557
"333",820723.645871238,820631.706023968,820723.645871238
"334",1000258.76865723,1030885.43794064,1000258.76865723
"335",829156.090585243,831499.771895777,829156.090585243
"336",1068268.92630711,1101452.70080023,1068268.92630711
"337",1439516.26226821,1420515.3442243,1443377.74140989
"338",1030308.81188032,1062352.44190119,1072305.30508901
"339",979857.376643146,1010346.57221631,979857.376643146
"340",1121080.06005884,1153055.10441695,1121080.06005884
"341",801767.359495669,795755.801904759,801767.359495669
"342",813812.682374796,813225.212540784,813812.682374796
"343",781916.717064674,768343.363521245,781916.717064674
"344",618381.631082114,485048.210741244,618381.631082114
"345",921288.508201063,944278.497605168,981958.264279574
"346",1054693.25380184,1086531.15641867,1054693.25380184
"347",1053904.49936644,1087522.38198494,1093870.55716379
"348",1098093.86596081,1129404.12877071,1129174.36928492
"349",1699038.70668102,1607029.87098106,1625202.79455576
"350",1553848.50162476,1503601.69293244,1507410.60551892
"351",2043630.37665256,1825909.64248626,1862531.86041415
"352",958430.266890503,986678.339421161,958430.266890503
"353",901517.455114537,920860.242819753,901517.455114537
"354",734421.528069938,698362.50151823,734421.528069938
"355",1011317.13672731,1042183.69988569,1011317.13672731
"356",1534307.72931578,1491628.24860135,1492052.22251816
"357",754401.135302393,728702.74463886,754401.135302393
"358",880173.775636163,897188.35633416,880173.775636163
"359",847814.37428318,856799.630164355,847814.37428318
"360",778072.117604859,762331.47724013,778072.117604859
"361",1073647.4135136,1106210.08331639,1073647.4135136
"362",1249027.30011155,1267785.39825378,1249027.30011155
"363",747471.053194479,717591.76955263,747471.053194479
"364",796151.854378653,788353.358991515,796151.854378653
"365",839100.050837247,845609.986846684,839100.050837247
"366",1264359.34605254,1280001.824136,1266785.61698096
"367",716892.226700414,669908.753343066,716892.226700414
"368",791134.468162577,781845.710226128,791134.468162577
"369",816991.490680427,817952.024057116,816991.490680427
"370",726432.12374797,685647.958358523,726432.12374797
"371",1045105.35912737,1076728.49272404,1045105.35912737
"372",910984.789468762,933569.979339533,910984.789468762
"373",814245.360511072,812502.998546602,814245.360511072
"374",2048945.0991513,1827512.22232077,1866560.35930378
"375",863295.095178228,877601.951236144,863295.095178228
"376",922485.221763921,945675.58861048,922485.221763921
"377",969057.807331522,998640.715636537,969057.807331522
"378",1273931.35106018,1289404.46666203,1274223.28202159
"379",1224783.66944466,1245719.70330406,1233522.29729683
"380",1062678.2649374,1095523.50149948,1099656.07815618
"381",2321711.56437757,1982633.67443793,2046389.36720542
"382",867917.86791025,882223.699750625,867917.86791025
"383",780591.303003192,766787.257977311,863784.881679702
"384",874609.004025655,890369.737307575,874609.004025655
"385",1201858.44804605,1226711.03902202,1201858.44804605
"386",1834522.07569542,1695784.32706677,1717471.77734081
"387",834902.906869743,841112.008092521,834902.906869743
"388",2229124.73464473,1932829.52407817,1996452.22862931
"389",719970.958796702,674969.695260142,719970.958796702
"390",1072571.18395148,1105607.59875738,1107372.99358676
"391",918611.273429402,942085.341445351,918611.273429402
"392",2103226.22361127,1858676.47813167,1903688.50365008
"393",1400818.62766456,1390459.97391425,1379928.6612693
"394",990995.512517258,1021462.94100445,990995.512517258
"395",1395904.61776254,1384334.4296557,1375850.27524121
"396",808304.02614966,803938.78059234,808304.02614966
"397",1253320.63300021,1271759.80426516,1256985.46316679
"398",2205004.56819465,1919190.18678593,1979538.32687956
"399",1106409.05567522,1139270.3867094,1135847.59509068
"400",1488092.0914662,1458215.53725678,1453121.4129002
"401",1047812.33143026,1081085.73277177,1047812.33143026
"402",809109.048032449,806497.963002613,809109.048032449
"403",1091292.18278508,1122357.49747821,1123217.74013807
"404",1009557.04120738,1041531.4260612,1009557.04120738
"405",1710564.37503728,1611428.57467898,1633406.559425
"406",802694.451773378,798525.459604243,802694.451773378
"407",1022431.07725686,1053151.82224714,1022431.07725686
"408",1373905.34027268,1370666.96926545,1358685.52437074
"409",1455555.57894039,1430967.87335858,1425793.76799321
"410",1066711.49186271,1100315.67150754,1066711.49186271
"411",802969.881446561,798268.705673722,802969.881446561
"412",1317098.03581916,1324068.6820206,1310901.0041832
"413",801663.057116846,796490.523467713,801663.057116846
"414",901467.793296864,922491.693386068,901467.793296864
"415",1092731.5235344,1124821.63487449,1092731.5235344
"416",828220.112098216,830991.25517833,828220.112098216
"417",1159424.64556629,1189225.06007811,1159424.64556629
"418",1053397.35994617,1086421.6236485,1053397.35994617
"419",1445983.74889098,1424185.88448949,1417773.90158272
"420",696525.747193369,636379.245693743,696525.747193369
"421",1576726.56103637,1521488.43542282,1539334.98687929
"422",871038.752700566,887306.849186331,871038.752700566
"423",1518204.8170939,1480971.32766659,1477690.85710543
"424",1951892.924664,1769091.06000501,1798974.68982137
"425",1391437.90297178,1383723.12865107,1372936.68797146
"426",1078943.38959848,1110172.83308256,1078943.38959848
"427",1388778.97411732,1382184.16499682,1370847.26054895
"428",735979.392935674,700649.015598312,735979.392935674
"429",853680.133203055,863956.985493931,853680.133203055
"430",1012512.70350968,1044857.34004743,1012512.70350968
"431",717552.879459614,672716.364585939,717552.879459614
"432",839796.523973797,844793.649872407,839796.523973797
"433",941626.444248975,967016.001000902,941626.444248975
"434",906475.67950768,926819.397735236,906475.67950768
"435",1286116.09492677,1298436.05589284,1284554.26605992
"436",1463489.4584022,1436614.41525052,1432433.29516572
"437",1069109.25454348,1101453.58039021,1069109.25454348
"438",1203752.17599184,1226811.65087048,1216087.67510223
"439",1316904.12228574,1322827.98114726,1310833.22154526
"440",1587197.04527619,1531631.20235104,1546428.06791836
"441",949200.336986902,977569.599637045,949200.336986902
"442",879921.42138507,896530.153229967,879921.42138507
"443",704729.439140828,651324.695973426,704729.439140828
"444",1165797.24679944,1195008.13931241,1184701.27827614
"445",1296563.35623605,1308918.99094613,1294598.46516199
"446",816303.075924321,815243.733492795,816303.075924321
"447",1079755.88359906,1113784.71490171,1079755.88359906
"448",1229275.61640992,1247705.0765609,1229275.61640992
"449",1002273.45586831,1032858.28814959,1048698.45811678
"450",1005471.5364865,1037119.05877077,1005471.5364865
"451",760434.174949695,737508.938377281,760434.174949695
"452",895301.344173916,914937.320047522,959997.009367784
"453",944329.697569365,970794.463709007,944329.697569365
"454",1092548.38829998,1123834.08360638,1122981.20829708
"455",1172464.98951421,1200589.2747602,1190974.99620464
"456",899576.021234541,919123.133296045,899576.021234541
"457",1223673.06523957,1244162.99879558,1233209.30110973
"458",1140829.65422482,1171418.05238152,1140829.65422482
"459",1248947.40610572,1267186.46518094,1253670.174805
"460",788601.37800833,777881.887011654,788601.37800833
"461",1141047.02670713,1170663.48526076,1164765.73971772
"462",925273.949458359,949941.593968895,984949.540671097
"463",1392054.81347878,1383615.91314072,1373566.07014679
"464",1837221.04509348,1701684.3489207,1720193.0187887
"465",1001328.75209641,1033225.34576839,1001328.75209641
"466",747519.338374515,718138.534364239,747519.338374515
"467",905043.657602274,926607.480122774,905043.657602274
"468",790312.117910173,780945.086607383,790312.117910173
"469",1006569.40356136,1038296.51759261,1051510.21668573
"470",897044.587617764,916255.909593432,897044.587617764
"471",878831.861851105,895492.604608466,878831.861851105
"472",1338259.25259566,1340258.88051989,1328950.90270825
"473",728066.754168809,687071.807582004,728066.754168809
"474",863441.10047908,875505.679174619,863441.10047908
"475",812224.240703361,810100.675006265,812224.240703361
"476",1366039.98800377,1363707.16201845,1351600.22865018
"477",1218394.33382884,1240529.12436281,1293524.04208344
"478",784928.332851533,774272.168831026,784928.332851533
"479",1228280.25970248,1248832.07247372,1297627.04048809
"480",1660333.83187286,1581895.61370118,1597699.09003543
"481",1649410.62822085,1572300.13239881,1590250.72197984
"482",1778952.58993576,1658746.20615856,1678667.37883663
"483",708462.040196812,656302.193432535,708462.040196812
"484",1589273.10290195,1529363.94632508,1537025.17265976
"485",728011.448835149,688226.112547638,728011.448835149
"486",1094589.55732671,1126611.76531107,1094589.55732671
"487",1062146.85175423,1095227.67701148,1062146.85175423
"488",1073655.9462638,1106868.06028966,1109392.75275671
"489",848374.750168668,857193.638280855,848374.750168668
"490",843936.308400465,850572.102309521,843936.308400465
"491",1030252.22546145,1061893.35099409,1071722.35349931
"492",996123.075796605,1027446.42971656,996123.075796605
"493",788307.307422932,776095.453745912,788307.307422932
"494",897630.495303986,915673.083669111,897630.495303986
"495",1157703.84706601,1185119.94172715,1178801.80229721
"496",1015885.46345933,1048469.40878723,1015885.46345933
"497",925241.105609646,948638.232615709,925241.105609646
"498",1228898.52770549,1251757.07727611,1237325.42174467
"499",802260.158757449,796285.536936061,881141.020541352
"500",1034638.39554381,1066424.29534124,1034638.39554381
"501",865963.466191564,879517.254549605,865963.466191564
"502",1391922.29292134,1380587.93781795,1372947.31496316
"503",629770.294256348,509273.382559298,629770.294256348
"504",913529.792875289,935890.43777357,913529.792875289
"505",825643.477637579,827485.95954032,825643.477637579
"506",1265676.92227077,1280074.11046677,1268295.50094159
"507",704567.190776228,650681.780551266,704567.190776228
"508",979343.227849306,1011972.09911708,1029729.35414156
"509",834173.92097212,838247.816824621,834173.92097212
"510",1147397.08805372,1177066.79502519,1169215.08364658
"511",1039772.97173558,1071757.12894797,1081427.56522902
"512",1070768.88050721,1105193.95464196,1105107.99065829
"513",872734.510107991,888746.973934135,872734.510107991
"514",1625990.88990679,1558505.39061122,1575024.33584415
"515",989495.610945373,1019517.08209128,989495.610945373
"516",1108082.69131077,1139105.42249444,1136686.10725394
"517",886774.137696251,905126.734503391,886774.137696251
"518",1143936.19357172,1171119.62163293,1143936.19357172
"519",915584.319010314,938048.963693,915584.319010314
"520",1059079.82259062,1091069.80109866,1097910.86380304
"521",1388131.55257186,1379224.11771255,1369348.32587308
"522",1034542.88057871,1065183.56930273,1034542.88057871
"523",1031001.26249623,1063458.54513278,1031001.26249623
"524",1195129.74255425,1219753.67649329,1208651.37491024
"525",1086823.21049769,1120929.01207846,1118326.66553247
"526",1244207.45363032,1263218.823502,1249358.37598411
"527",953097.690675903,981262.379758373,953097.690675903
"528",1032244.26866078,1066279.93738394,1032244.26866078
"529",1146423.24981439,1175544.62207654,1168053.19026207
"530",1769679.65402026,1653888.55274466,1672926.98584224
"531",851914.866636803,861806.454953239,851914.866636803
"532",775884.517252276,759601.615468533,775884.517252276
"533",1089109.89018971,1122354.33804646,1126419.29024343
"534",826778.510553177,829605.371697421,826778.510553177
"535",1136179.87882828,1166187.76835784,1159859.4303869
"536",1177606.78330384,1204250.26106391,1177606.78330384
"537",779854.579395161,766091.996199409,779854.579395161
"538",967263.141365727,996973.294704573,967263.141365727
"539",946952.954843187,974324.055343637,946952.954843187
"540",885180.559072619,902453.887130216,885180.559072619
"541",960223.046347531,988867.5800663,960223.046347531
"542",1024527.65290499,1056734.63841089,1024527.65290499
"543",851894.375019243,860273.546041462,851894.375019243
"544",1510939.35856545,1474316.72382042,1497862.4205944
"545",1401300.17793765,1392784.07457422,1380742.69556463
"546",1254826.20486617,1271129.47707116,1316038.47701735
"547",956706.145652347,984590.623193748,956706.145652347
"548",907670.246313266,928837.806735478,907670.246313266
"549",1102826.71628855,1135317.13343661,1102826.71628855
"550",1457391.40623246,1432321.62261609,1427320.13775912
"551",979756.788252159,1008279.62200497,979756.788252159
"552",816091.090400171,815983.786427238,816091.090400171
"553",983456.2381088,1012641.30579648,983456.2381088
"554",1194507.47426832,1219849.22885418,1208260.06048451
"555",1298577.28302228,1310349.59217121,1297160.08798974
"556",708616.231535279,657608.435213062,708616.231535279
"557",1144838.09882962,1174465.68869444,1144838.09882962
"558",886049.894657169,904438.607420148,886049.894657169
"559",969386.839984505,997198.127851321,969386.839984505
"560",702873.454436103,646765.58520765,702873.454436103
"561",748214.478162037,718915.91462814,748214.478162037
"562",1175152.43005512,1200048.67510481,1193572.77494644
"563",1255313.76352921,1273298.29527888,1260968.98368265
"564",1054354.9471908,1087857.98624606,1054354.9471908
"565",803800.538912821,797255.445822856,803800.538912821
"566",645713.888246141,542826.923756747,645713.888246141
"567",1001142.3350475,1033434.48454979,1001142.3350475
"568",899462.897648449,918751.562201239,899462.897648449
"569",690993.357116977,626635.329543551,690993.357116977
"570",1309475.76133245,1318288.4634623,1303994.90251778
"571",1462994.77592711,1438498.27622694,1431894.84738591
"572",887656.84172391,905691.148447516,954025.046301188
"573",739541.574496885,706524.307823239,739541.574496885
"574",1436286.68285679,1418814.79461806,1442807.55555046
"575",1278107.44137294,1292280.89155325,1278181.32301732
"576",1196800.18805411,1221094.51039852,1210780.2418181
"577",787361.714957016,775922.409911624,787361.714957016
"578",1097324.47078474,1127289.08785676,1127092.29238525
"579",945788.829050679,973659.698944935,945788.829050679
"580",1034819.49814889,1066990.99438155,1034819.49814889
"581",1327420.78632154,1332118.63311824,1319173.63683756
"582",834057.557865652,838578.51925853,834057.557865652
"583",913495.789591704,934928.664365408,913495.789591704
"584",1123541.26563533,1153404.22765846,1123541.26563533
"585",1033182.65301977,1064615.46346295,1033182.65301977
"586",648187.626695899,547443.66235375,648187.626695899
"587",994172.75723075,1024560.1645893,994172.75723075
"588",1464691.96240483,1438827.51024547,1463386.50437817
"589",813382.634388196,812682.501025012,813382.634388196
"590",966904.536009687,997622.379632941,1018613.75367458
"591",746205.540420063,715804.527371208,746205.540420063
"592",751924.815230983,724279.413041523,751924.815230983
"593",1084170.51326963,1117065.85875408,1084170.51326963
"594",846019.360622045,854373.838322932,846019.360622045
"595",1360423.5882331,1360166.38334252,1346838.93767209
"596",1228752.21111414,1246241.86004717,1299093.07442285
"597",761103.733545384,737523.651746374,761103.733545384
"598",1189742.47245384,1213931.42775771,1204287.86438547
"599",782253.967865823,768631.887298509,782253.967865823
"600",1054366.28942837,1088478.71348941,1054366.28942837
